Question ID,Questions,Regulation,Answer
PR_1,Who must comply with the GDPR?,GDPR,"The GDPR applies to:

Organizations located within the European Union (EU).
Organizations located outside of the EU if they offer goods or services to, or monitor the behavior of, EU data subjects.
Both controllers and processors, meaning 'clouds' and other data processors are not exempt from GDPR enforcement.
Non-profit and charitable organizations as well. Reference: GDPR Article 3"
PR_2,What are the GDPR fines?,GDPR,"Under the GDPR, organizations can be fined up to 4% of their annual global turnover or €20 million (whichever is greater) for the most severe infringements. Lesser infringements can result in a fine of up to 2% of annual global turnover or €10 million. 

Reference: GDPR Article 83"
PR_3,How do I comply with the GDPR?,GDPR,"Compliance can be complex and may vary depending on your specific operations, but some general steps include: 

Conducting a Data Protection Impact Assessment (DPIA). 
Appointing a Data Protection Officer (DPO) if necessary. 
Ensuring you have a lawful basis for processing data. 
Protecting data using appropriate security measures. 
Notifying authorities of data breaches within 72 hours. 
Ensuring data subjects' rights are upheld. 
Ensuring that data transferred outside the EU is adequately protected. 
Reference: GDPR - A guide to compliance"
PR_4,Does the GDPR require encryption?,GDPR,"The GDPR does not mandate specific technologies like encryption. However, it requires organizations to implement appropriate technical and organizational measures to ensure a level of security appropriate to the risk. For many organizations, this could mean using encryption, especially when transmitting personal data or storing it in vulnerable environments. 

Reference: GDPR Article 32"
PR_5,What is personal information and sensitive personal information under the GDPR?,GDPR,"Personal Data: Any information relating to an identified or identifiable natural person. This can include name, identification number, location data, online identifier, or factors specific to the physical, physiological, genetic, mental, economic, cultural, or social identity of that person. 

Sensitive Personal Data: This encompasses data revealing racial or ethnic origin, political opinions, religious or philosophical beliefs, trade union membership, genetic data, biometric data for uniquely identifying a natural person, data concerning health, or data concerning a natural person's sex life or sexual orientation. 

Reference: GDPR Article 4 & 9"
PR_6,What rights do I have under the GDPR?,GDPR,"GDPR provides several rights to individuals, including:

Right to be informed
Right of access
Right to rectification
Right to erasure (or ‘right to be forgotten’)
Right to restrict processing
Right to data portability
Right to object
Rights in relation to automated decision making and profiling.
Reference: GDPR Articles 12-23"
